frequency_hz,acceleration_m_s2,displacement_um
1.000000000000000000e+01,1.731488191580865532e-05,1.578440008700374847e-02
1.020000000000000107e+01,7.048268162179738283e-05,2.668839277810126573e-02
1.040000000000000036e+01,6.463201134465634823e-05,1.955657150432303648e-02
1.060000000000000142e+01,7.662445568712428212e-05,2.251616144022599089e-02
1.080000000000000071e+01,1.284435566049069166e-04,2.593460143283673330e-02
1.100000000000000000e+01,1.692962396191433072e-04,3.419787064727291409e-02
1.120000000000000107e+01,8.369935676455497742e-05,1.723886245966991040e-02
1.140000000000000036e+01,9.101347677642479539e-05,1.234053474089841403e-02
1.160000000000000142e+01,4.522213930613361299e-05,1.518658336495708194e-02
1.180000000000000071e+01,4.298142084735445678e-05,3.939737068572150142e-03
1.200000000000000000e+01,4.530886508291587234e-05,3.495101753400886840e-03
1.220000000000000107e+01,4.847368472837843001e-05,2.673958539231157273e-03
1.240000000000000036e+01,1.419607870047912002e-04,2.623251332346441395e-02
1.260000000000000142e+01,6.515503628179430962e-05,1.720332804515977559e-02
1.280000000000000071e+01,9.106638754019513726e-05,2.192396186664965704e-02
1.300000000000000000e+01,1.076165353879332542e-04,6.623951027815579151e-03
1.320000000000000107e+01,2.780050635919906199e-05,5.796557426655980436e-03
1.340000000000000036e+01,7.971174636622890830e-05,1.612630599282496163e-02
1.360000000000000142e+01,1.653998624533414841e-04,1.471242662727970801e-02
1.380000000000000071e+01,1.664353112573735416e-05,9.407621029303958257e-03
1.400000000000000000e+01,1.415985898347571492e-04,2.752219255731269340e-02
1.420000000000000107e+01,1.566054706927388906e-04,1.462248881892000245e-02
1.440000000000000036e+01,6.090255919843912125e-05,1.331950816102352858e-02
1.460000000000000142e+01,1.207958412123844028e-04,1.040632496733175268e-02
1.480000000000000071e+01,4.961083686794154346e-05,1.302086814671666974e-02
1.500000000000000000e+01,4.967670975020155311e-06,8.191408858237745477e-03
1.520000000000000107e+01,6.505825876956805587e-05,9.484768441433243449e-03
1.540000000000000036e+01,3.968510554841486737e-06,8.078173041916936192e-03
1.560000000000000142e+01,3.155889135086908937e-05,5.125549038312277039e-03
1.580000000000000071e+01,1.237094111274927855e-04,1.059369075179929925e-02
1.600000000000000000e+01,2.914888864324893802e-05,8.409138405524580959e-03
1.619999999999999929e+01,3.333244239911437035e-05,5.787807004711809783e-03
1.640000000000000213e+01,1.678205444477498531e-04,9.076569654045036489e-03
1.660000000000000142e+01,7.542457751696929336e-05,1.071886655485813824e-03
1.680000000000000071e+01,8.863084804033860564e-05,4.223226427960157826e-03
1.700000000000000000e+01,5.590069122263230383e-05,1.088137940615451459e-02
1.719999999999999929e+01,7.936364454508293420e-06,6.983354692627619965e-03
1.740000000000000213e+01,1.678623630141373724e-05,8.436713289433401056e-03
1.760000000000000142e+01,5.776141915703192353e-05,1.211293411225946789e-02
1.780000000000000071e+01,1.048934573191218078e-04,3.037698499572729239e-03
1.800000000000000000e+01,9.843932639341801405e-05,2.574445288946617359e-03
1.819999999999999929e+01,6.709985318593680859e-04,5.663741483088383794e-02
1.840000000000000213e+01,1.428119139745831490e-04,1.750260518108434638e-02
1.860000000000000142e+01,4.127985812374390662e-05,4.099134702010942370e-03
1.880000000000000071e+01,4.288879063096828759e-05,4.249960238012187759e-03
1.900000000000000000e+01,8.558254921808838844e-05,1.288112903481754626e-02
1.920000000000000284e+01,8.279279427370056510e-05,1.250954466911036525e-02
1.940000000000000213e+01,9.200390923069790006e-05,7.453377518716472298e-03
1.960000000000000142e+01,7.046499376883730292e-05,8.732794836909330352e-03
1.980000000000000071e+01,6.436773401219397783e-05,6.042673130652490704e-03
2.000000000000000000e+01,5.872076872037723660e-05,9.392677318255632235e-03
2.020000000000000284e+01,7.934558379929512739e-05,1.123127192356964017e-02
2.040000000000000213e+01,5.277249874779954553e-05,3.433634418128851066e-03
2.060000000000000142e+01,3.875235779560171068e-05,8.446125996684839335e-03
2.080000000000000071e+01,1.028064070851542056e-04,2.428658291749678875e-03
2.100000000000000000e+01,7.415984146064147353e-05,8.949797248995592161e-03
2.120000000000000284e+01,7.213299249997362494e-05,1.024141797670775726e-02
2.140000000000000213e+01,7.604104757774621248e-05,9.198814477341667531e-03
2.160000000000000142e+01,1.551453169668093324e-05,6.376010761884451025e-03
2.180000000000000071e+01,1.145927817560732365e-04,9.889711736229709824e-03
2.200000000000000000e+01,1.169700917671434581e-04,1.091351524825527608e-02
2.220000000000000284e+01,4.639093458536081016e-05,6.411505482494507524e-03
2.240000000000000213e+01,5.596774644800461829e-05,7.401406705096950575e-03
2.260000000000000142e+01,4.043403532705269754e-05,6.132204059729687816e-03
2.280000000000000071e+01,4.606930451700463891e-05,7.236076667764684833e-03
2.300000000000000000e+01,6.531148392241448164e-05,3.080795501461941303e-03
2.320000000000000284e+01,9.521713946014642715e-05,1.281923495044003537e-03
2.340000000000000213e+01,1.117643550969660282e-04,1.000906521069988564e-02
2.360000000000000142e+01,7.969552825670689344e-05,4.907587454419632712e-03
2.380000000000000071e+01,1.449040137231349945e-04,1.580540625990139569e-03
2.400000000000000000e+01,2.947705797851085663e-05,5.373330995468212148e-03
2.420000000000000284e+01,4.025125963380560279e-05,3.711013505260949384e-03
2.440000000000000213e+01,8.486541628371924162e-05,3.111234494298864041e-03
2.460000000000000142e+01,1.284892641706392169e-04,7.811368254008787052e-03
2.480000000000000071e+01,6.674961332464590669e-05,7.824422501628066490e-03
2.500000000000000000e+01,5.079573020339012146e-05,7.084211585800880874e-03
2.520000000000000284e+01,6.628566188737750053e-05,5.504704488848819952e-03
2.540000000000000213e+01,2.126123436028137803e-04,1.329441813607206563e-02
2.560000000000000142e+01,6.316874641925096512e-04,2.934072799842127321e-02
2.580000000000000071e+01,3.737117804121226072e-04,9.241836134090164120e-03
2.600000000000000000e+01,2.410530723864212632e-04,4.085846568460177117e-03
2.620000000000000284e+01,1.565053098602220416e-04,7.253239788106985789e-03
2.640000000000000213e+01,1.085449694073759019e-04,4.468994357382261376e-03
2.660000000000000142e+01,1.168934759334661067e-04,5.687820956605693645e-03
2.680000000000000071e+01,2.503393043298274279e-04,8.120507185092737043e-03
2.700000000000000000e+01,1.989990269066765904e-04,6.041671186884892304e-03
2.720000000000000284e+01,2.344719541724771261e-04,4.414128026111572775e-03
2.740000000000000213e+01,6.917698192410171032e-05,5.416718005122053009e-03
2.760000000000000142e+01,4.449430562090128660e-04,1.510189221490502130e-02
2.780000000000000071e+01,2.835527411662042141e-04,4.636798009592468447e-03
2.800000000000000000e+01,1.337993599008768797e-04,2.588605116756731352e-03
2.820000000000000284e+01,3.963276685681194067e-04,1.352217730133624396e-02
2.840000000000000213e+01,2.619365986902266741e-04,4.003262870167774261e-03
2.860000000000000142e+01,4.396615549921989441e-04,1.084554611287998419e-02
2.880000000000000071e+01,3.275318595115095377e-04,6.527462311666580065e-03
2.900000000000000000e+01,4.728546482510864735e-04,1.154766510787720579e-02
2.920000000000000284e+01,7.508655544370412827e-04,1.983555658498213983e-02
2.940000000000000213e+01,1.183877466246485710e-03,3.157886173823227366e-02
2.960000000000000142e+01,3.534282790496945381e-03,9.915168483387709619e-02
2.980000000000000071e+01,3.460170701146125793e-03,1.017693395907029730e-01
3.000000000000000000e+01,1.041178824380040169e-03,3.215030642030623775e-02
3.020000000000000284e+01,8.494317880831658840e-04,2.754054316738922467e-02
3.040000000000000213e+01,6.354475044645369053e-04,1.825660654962705381e-02
3.060000000000000142e+01,4.298605490475893021e-04,1.332334922765965150e-02
3.080000000000000071e+01,4.816056753043085337e-04,1.442472126903339077e-02
3.100000000000000000e+01,2.461799304001033306e-04,1.073300934378758169e-02
3.120000000000000284e+01,1.885663950815796852e-04,7.928220166527335036e-03
3.140000000000000213e+01,1.295042311539873481e-04,7.540155734882945070e-03
3.160000000000000142e+01,1.842843630583956838e-04,8.460337415797766075e-03
3.180000000000000071e+01,2.324022789252921939e-04,8.661956908806242236e-03
3.200000000000000000e+01,1.042314106598496437e-04,6.000021292028991614e-03
3.220000000000000284e+01,1.046307224896736443e-04,6.580400621068648905e-03
3.239999999999999858e+01,1.471256837248802185e-04,5.888500651221728957e-03
3.260000000000000142e+01,1.810386456781998277e-04,8.315275786787116805e-03
3.280000000000000426e+01,1.776659191818907857e-04,7.258050133171651055e-03
3.300000000000000000e+01,1.331009698333218694e-04,5.696557044730939968e-03
3.320000000000000284e+01,3.644294338300824165e-05,3.193611682793274457e-03
3.339999999999999858e+01,1.096040650736540556e-04,6.201972847508094994e-03
3.360000000000000142e+01,6.918931467225775123e-05,5.188929400096939197e-03
3.380000000000000426e+01,8.553490624763071537e-05,5.248101017425865246e-03
3.400000000000000000e+01,9.288962610298767686e-05,4.959714194419623245e-03
3.420000000000000284e+01,6.688296707579866052e-05,3.495391837445757308e-03
3.439999999999999858e+01,9.724310075398534536e-05,5.849602545296005152e-03
3.460000000000000142e+01,7.687753532081842422e-05,5.436602419198213049e-03
3.480000000000000426e+01,4.637942038243636489e-05,4.291659930723582157e-03
3.500000000000000000e+01,2.393445902271196246e-05,4.235911862980686234e-03
3.520000000000000284e+01,9.727958968142047524e-05,3.427984234466172411e-03
3.539999999999999858e+01,2.379825491516385227e-05,4.182312610358639160e-03
3.560000000000000142e+01,4.646668094210326672e-05,2.806194273346744247e-03
3.580000000000000426e+01,9.962506737792864442e-06,3.793274617386341828e-03
3.600000000000000000e+01,5.208896254771389067e-05,3.334185480223458148e-03
3.620000000000000284e+01,8.932131459005177021e-05,3.507967380455071383e-03
3.639999999999999858e+01,5.199889346840791404e-05,4.260855544642841268e-03
3.660000000000000142e+01,2.049526301561854780e-05,3.731378818927368664e-03
3.680000000000000426e+01,9.436475374968722463e-05,4.679315393290714963e-03
3.700000000000000000e+01,1.097389394999481738e-04,5.607860116792612142e-03
3.720000000000000284e+01,1.240909186890348792e-04,3.520694158774852634e-03
3.739999999999999858e+01,7.153327169362455606e-05,2.356512026830732357e-03
3.760000000000000142e+01,8.508422615705057979e-05,4.327734940309552192e-03
3.780000000000000426e+01,7.425691728712990880e-05,4.090162207161547950e-03
3.800000000000000000e+01,5.889819294679909945e-05,4.459784839390205403e-03
3.820000000000000284e+01,3.558135358616709709e-05,3.524599424841702838e-03
3.840000000000000568e+01,1.607635203981772065e-04,4.820406937839005410e-03
3.860000000000000142e+01,1.289901993004605174e-04,4.546422395953858726e-03
3.880000000000000426e+01,8.175490074791014194e-05,2.462304285909041462e-03
3.900000000000000000e+01,9.595142910256981850e-05,3.590340126640125928e-03
3.920000000000000284e+01,3.273358379374258220e-05,3.920946399843847942e-03
3.940000000000000568e+01,7.278210250660777092e-05,3.845734507227064128e-03
3.960000000000000142e+01,8.932960918173193932e-05,4.700973303753094509e-03
3.980000000000000426e+01,6.053251127013936639e-05,3.466980791990065258e-03
4.000000000000000000e+01,5.099999179947189987e-05,4.052517743191121763e-03
4.020000000000000284e+01,7.281199941644445062e-05,2.906464072843906784e-03
4.040000000000000568e+01,1.403308706358075142e-04,5.423611603417998785e-03
4.060000000000000142e+01,9.234630124410614371e-05,2.403838248926434742e-03
4.080000000000000426e+01,3.452000601100735366e-05,3.587596662745490619e-03
4.100000000000000000e+01,1.732393720885738730e-04,5.732873484647274878e-03
4.120000000000000284e+01,1.103174363379366696e-04,3.786983909283345509e-03
4.140000000000000568e+01,1.889960112748667598e-04,5.582356940330257360e-03
4.160000000000000142e+01,1.357196015305817127e-04,5.174810650623427703e-03
4.180000000000000426e+01,2.354766329517588019e-04,6.352007277997603028e-03
4.200000000000000000e+01,1.265067548956722021e-04,3.683977176207707885e-03
4.220000000000000284e+01,9.625183156458660960e-05,1.863822005207685199e-03
4.240000000000000568e+01,9.645885438658297062e-05,4.271520186184829711e-03
4.260000000000000142e+01,2.090190828312188387e-04,4.767158002315572719e-03
4.280000000000000426e+01,1.374591229250654578e-04,1.342471219416345148e-03
4.300000000000000000e+01,8.852454629959538579e-05,1.873014521551326101e-03
4.320000000000000284e+01,2.272218116559088230e-04,5.700978745081181423e-03
4.340000000000000568e+01,7.407722296193242073e-05,3.821401888488547803e-03
4.360000000000000142e+01,4.275042374501936138e-05,3.500427978197646547e-03
4.380000000000000426e+01,2.765335084404796362e-04,6.263595762223298641e-03
4.400000000000000000e+01,5.231684190221130848e-05,3.660656657565470370e-03
4.420000000000000284e+01,1.604056888027116656e-04,3.284797244533686593e-03
4.440000000000000568e+01,8.087476453511044383e-05,3.635910631180453833e-03
4.460000000000000142e+01,5.084873191663064063e-05,3.171148317720084119e-03
4.480000000000000426e+01,9.979328751796856523e-05,3.056887509165321336e-03
4.500000000000000000e+01,1.228401961270719767e-04,3.554336238003402964e-03
4.520000000000000284e+01,6.532343104481697083e-05,2.698637634909439951e-03
4.540000000000000568e+01,2.180059818783774972e-04,3.872187220460515211e-04
4.560000000000000142e+01,4.328148861532099545e-05,2.888889463225706444e-03
4.580000000000000426e+01,1.523846876807510853e-04,4.192753490611510203e-03
4.600000000000000000e+01,2.209529193351045251e-04,5.287243516328123984e-03
4.620000000000000284e+01,1.426829985575750470e-04,1.190310342121291129e-03
4.640000000000000568e+01,1.115308841690421104e-04,4.022274789722985952e-03
4.660000000000000142e+01,4.777468348038382828e-05,2.437452988411359812e-03
4.680000000000000426e+01,6.849800411146134138e-05,3.398858140244472546e-03
4.700000000000000000e+01,1.083195893443189561e-04,3.133961989234851798e-03
4.720000000000000284e+01,1.044056843966245651e-04,3.924899658745278734e-03
4.740000000000000568e+01,1.198792233481071889e-05,2.880652776639456344e-03
4.760000000000000142e+01,1.432155986549332738e-04,4.299634804407069695e-03
4.780000000000000426e+01,3.043208926101215184e-05,3.114422587402965615e-03
4.800000000000000000e+01,2.336231591471005231e-05,2.805341821318624047e-03
4.820000000000000284e+01,5.790215800516307354e-05,3.013590623297558550e-03
4.840000000000000568e+01,8.121374412439763546e-05,3.584062720498550850e-03
4.860000000000000142e+01,1.816118892747908831e-04,2.842561137737570874e-03
4.880000000000000426e+01,2.459050156176090240e-04,3.341580202217164699e-03
4.900000000000000000e+01,2.060279657598584890e-04,3.957773078190006052e-03
4.920000000000000284e+01,1.294187095481902361e-04,3.569016755753746419e-03
4.940000000000000568e+01,7.283608283614739776e-05,2.636155333934030436e-03
4.960000000000000142e+01,3.346879384480416775e-05,2.430364381455508635e-03
4.980000000000000426e+01,5.290665285428985953e-05,2.474840557968163279e-03
5.000000000000000000e+01,1.452521391911432147e-04,3.823737649598424760e-03
5.020000000000000284e+01,6.011331424815580249e-05,3.245427156070307666e-03
5.040000000000000568e+01,6.647609552601352334e-05,3.296810046023257099e-03
5.060000000000000142e+01,3.524364728946238756e-05,2.969791401495367605e-03
5.080000000000000426e+01,8.772550063440576196e-05,3.458794103857958102e-03
5.100000000000000000e+01,4.237544635543599725e-05,2.259267299188795833e-03
5.120000000000000284e+01,1.532130117993801832e-04,3.681154155185114175e-03
5.140000000000000568e+01,1.011132262647151947e-04,3.532774547144947215e-03
5.160000000000000142e+01,4.212873682263307273e-05,2.902362977974214543e-03
5.180000000000000426e+01,6.452917295973747969e-05,2.638869569505183314e-03
5.200000000000000000e+01,1.022415017359890044e-04,3.365631727630843169e-03
5.220000000000000284e+01,6.029934957041405141e-05,2.425344772381785551e-03
5.240000000000000568e+01,2.756591311481315643e-05,2.338122055749658566e-03
5.260000000000000142e+01,2.688164749997667968e-05,2.705590774333050275e-03
5.280000000000000426e+01,8.747590618440881371e-05,1.741981896476968916e-03
5.300000000000000000e+01,5.891609180252999067e-05,2.657489589112355544e-03
5.320000000000000284e+01,4.914991950499825180e-05,2.140150054154959982e-03
5.340000000000000568e+01,6.007328192936256528e-05,2.079068982124918606e-03
5.360000000000000142e+01,4.653555151890031993e-05,2.887304547987300327e-03
5.380000000000000426e+01,7.704918243689462543e-05,2.893599193447117870e-03
5.400000000000000000e+01,9.302209946326911449e-05,2.844329757569176269e-03
5.420000000000000284e+01,2.058914469671435654e-05,2.356250315301915057e-03
5.440000000000000568e+01,9.866450272966176271e-05,2.995124287133246917e-03
5.460000000000000142e+01,9.994353604270145297e-05,3.065990042524710524e-03
5.480000000000000426e+01,7.135802297852933407e-05,1.841432622917432748e-03
5.500000000000000000e+01,4.779522714670747519e-05,2.386332490697663615e-03
5.520000000000000284e+01,1.085676267393864691e-04,3.296157151821076190e-03
5.540000000000000568e+01,6.654753815382719040e-05,2.945990823901539768e-03
5.560000000000000142e+01,1.249082924914546311e-05,2.491407841891100407e-03
5.580000000000000426e+01,3.064287375309504569e-05,2.155088611889145571e-03
5.600000000000000000e+01,1.873774599516764283e-04,3.705991961535417753e-03
5.620000000000000284e+01,8.759089541854336858e-05,2.509472106957961156e-03
5.640000000000000568e+01,4.239088229951448739e-05,2.095001294444771497e-03
5.660000000000000142e+01,5.750153832195792347e-06,2.304504326218592258e-03
5.680000000000000426e+01,3.761681364267133176e-05,2.066369986602164307e-03
5.700000000000000000e+01,1.069727295543998480e-04,2.285922558852343436e-03
5.720000000000000284e+01,6.090225724619813263e-05,2.777915083362222232e-03
5.740000000000000568e+01,4.049822018714621663e-05,2.097193119333992141e-03
5.760000000000000142e+01,3.183112858096137643e-05,2.543977298352572032e-03
5.780000000000000426e+01,7.963547977851703763e-05,2.549564776548223985e-03
5.800000000000000000e+01,7.241684943437576294e-05,2.737544595066331889e-03
5.820000000000000284e+01,3.439680222072638571e-05,2.025491734206413038e-03
5.840000000000000568e+01,2.099100311170332134e-05,2.161063069283666437e-03
5.860000000000000142e+01,3.567148814909160137e-05,2.321820047882198687e-03
5.880000000000000426e+01,9.228289854945614934e-05,2.618082602536604686e-03
5.900000000000000000e+01,6.139860488474369049e-05,2.539697278065915394e-03
5.920000000000000284e+01,7.528001151513308287e-05,2.705820217679785495e-03
5.940000000000000568e+01,2.021602558670565486e-04,1.511459530803510240e-03
5.960000000000000142e+01,6.536261935252696276e-05,2.574647747833119435e-03
5.980000000000000426e+01,2.403018006589263678e-04,3.780495270859914828e-03
6.000000000000000000e+01,7.277791388332843781e-03,5.308364448558381549e-02
6.020000000000000284e+01,9.238819620804861188e-05,2.324809118598676616e-03
6.040000000000000568e+01,1.495842298027127981e-04,1.712130524967383875e-03
6.060000000000000142e+01,6.145006045699119568e-05,2.392329290432711631e-03
6.080000000000000426e+01,1.585288009664509445e-05,2.077286447011645384e-03
6.100000000000000000e+01,3.840287536149844527e-05,2.000993973001541706e-03
6.120000000000000284e+01,9.321367542725056410e-05,2.490019945876404111e-03
6.140000000000000568e+01,5.700723340851254761e-05,2.447310318531775893e-03
6.160000000000000142e+01,1.061203420249512419e-05,2.100373112400964401e-03
6.180000000000000426e+01,2.732649954850785434e-05,2.305727406210620733e-03
6.200000000000000000e+01,4.993964830646291375e-05,2.420159274396991526e-03
6.220000000000000284e+01,7.365124474745243788e-05,2.540793981844021408e-03
6.240000000000000568e+01,5.449268064694479108e-05,2.304395282655106666e-03
6.260000000000000142e+01,2.314826087967958301e-05,2.182447407137864774e-03
6.280000000000000426e+01,6.523513729916885495e-05,2.520145525880889293e-03
6.300000000000000000e+01,3.230814400012604892e-05,1.950793524747494734e-03
6.320000000000000284e+01,7.096760236890986562e-05,1.736362856169212758e-03
6.340000000000000568e+01,9.743274858919903636e-05,2.704476880500255101e-03
6.360000000000000142e+01,8.702177728991955519e-05,2.508476274324016563e-03
6.380000000000000426e+01,2.764351302175782621e-05,1.969298677719640359e-03
6.400000000000000000e+01,5.813970710732974112e-05,2.275055598849175763e-03
6.420000000000000284e+01,2.368317655054852366e-05,2.191272927186990131e-03
6.440000000000000568e+01,1.008495109999785200e-05,2.041614870097066634e-03
6.460000000000000853e+01,4.217833338771015406e-05,2.176238740695860593e-03
6.479999999999999716e+01,5.283422069624066353e-05,1.924532668000019297e-03
6.500000000000000000e+01,7.935264875413849950e-05,2.427676237344449789e-03
6.520000000000000284e+01,8.194972906494513154e-05,2.526549439048708743e-03
6.540000000000000568e+01,1.083432107407134026e-05,1.968684094658698907e-03
6.560000000000000853e+01,7.616895891260355711e-05,2.418380297330330417e-03
6.579999999999999716e+01,9.533402771921828389e-05,2.564586872463352641e-03
6.600000000000000000e+01,8.397234341828152537e-05,2.494787390686363515e-03
6.620000000000000284e+01,3.875309994327835739e-05,2.217170861283644309e-03
6.640000000000000568e+01,8.493835048284381628e-05,2.024999130685345341e-03
6.660000000000000853e+01,6.422078149626031518e-05,2.361871277394590567e-03
6.679999999999999716e+01,1.310027728322893381e-04,2.517476724171583639e-03
6.700000000000000000e+01,3.965881842304952443e-05,2.040100451884542358e-03
6.720000000000000284e+01,2.062295970972627401e-04,3.031049494214814975e-03
6.740000000000000568e+01,1.409500255249440670e-04,2.756890238384682775e-03
6.760000000000000853e+01,1.127963842009194195e-04,2.292542959630979559e-03
6.779999999999999716e+01,3.435811959207057953e-05,1.934337576729148328e-03
6.800000000000000000e+01,2.186626952607184649e-04,2.933972327589931713e-03
6.820000000000000284e+01,1.491180300945416093e-04,2.270067839163362241e-03
6.840000000000000568e+01,5.290004773996770382e-04,4.369093726824870363e-03
6.860000000000000853e+01,7.546083652414381504e-04,5.283729990512133282e-03
6.879999999999999716e+01,8.727700915187597275e-04,6.582013506843482388e-03
6.900000000000000000e+01,5.639978335238993168e-04,1.294286412680350790e-03
6.920000000000000284e+01,6.686113192699849606e-04,2.916962647066054324e-03
6.940000000000000568e+01,8.659319719299674034e-04,2.911960010086536536e-03
6.960000000000000853e+01,5.373178864829242229e-04,9.230999687284036255e-04
6.979999999999999716e+01,7.572760223411023617e-04,5.067483513271664984e-03
7.000000000000000000e+01,1.200356986373662949e-03,4.541633061953912268e-03
7.020000000000000284e+01,4.317125712987035513e-04,2.420851706678793947e-03
7.040000000000000568e+01,6.964227650314569473e-04,2.638602000062542727e-03
7.060000000000000853e+01,3.398097760509699583e-04,1.825894018555253686e-03
7.079999999999999716e+01,3.058811416849493980e-04,1.663311609032533389e-03
7.100000000000000000e+01,7.885362138040363789e-04,5.644212841214010790e-03
7.120000000000000284e+01,2.160615695174783468e-04,1.153132550101548803e-03
7.140000000000000568e+01,2.593572717159986496e-04,8.805235627218353008e-04
7.160000000000000853e+01,3.128313619527034461e-05,1.804456606347380147e-03
7.179999999999999716e+01,2.909054746851325035e-04,4.242913140364468379e-04
7.200000000000000000e+01,1.558240182930603623e-04,1.306558120314394280e-03
7.220000000000000284e+01,1.271666376851499081e-03,4.432283083546326510e-03
7.240000000000000568e+01,1.898061833344399929e-03,1.090972251420077588e-02
7.260000000000000853e+01,9.243013337254524231e-04,6.177985478085468336e-03
7.279999999999999716e+01,2.125228493241593242e-04,2.837401901151502190e-03
7.300000000000000000e+01,5.423829497885890305e-05,1.977734919784446179e-03
7.320000000000000284e+01,2.557430707383900881e-04,2.923848201005065182e-03
7.340000000000000568e+01,7.611761247972026467e-05,2.036760371812512942e-03
7.360000000000000853e+01,1.274145179195329547e-04,2.379227446108231770e-03
7.379999999999999716e+01,1.380195462843403220e-04,2.422401864102997297e-03
7.400000000000000000e+01,9.480737935518845916e-05,1.389904210701480101e-03
7.420000000000000284e+01,3.720310633070766926e-05,1.962549329335424014e-03
7.440000000000000568e+01,7.539366924902424216e-05,2.030231076585514802e-03
7.460000000000000853e+01,1.427486859029158950e-04,1.800382974457925269e-03
7.479999999999999716e+01,1.598949893377721310e-04,2.182864282123427990e-03
7.500000000000000000e+01,7.261466816999018192e-05,2.064876046699222392e-03
7.520000000000000284e+01,9.477620187681168318e-05,2.192134179805004749e-03
7.540000000000000568e+01,8.389017602894455194e-05,1.467527558187898401e-03
7.560000000000000853e+01,5.981182039249688387e-05,1.549597162785410365e-03
7.579999999999999716e+01,1.717136183287948370e-04,2.507399792234292924e-03
7.600000000000000000e+01,9.116808359976857901e-05,2.126279444640833717e-03
7.620000000000000284e+01,3.815297532128170133e-05,1.630221131539980354e-03
7.640000000000000568e+01,6.260626105358824134e-05,1.885583393369374104e-03
7.660000000000000853e+01,4.322518361732363701e-05,1.835367490592567296e-03
7.680000000000001137e+01,6.929603114258497953e-05,2.006946732143469019e-03
7.700000000000000000e+01,3.636716428445652127e-05,1.834263671769145558e-03
7.720000000000000284e+01,4.708452252089045942e-05,1.859904784366493962e-03
7.740000000000000568e+01,2.843143738573417068e-05,1.830460904669127488e-03
7.760000000000000853e+01,1.908002741402015090e-05,1.637508325035748726e-03
7.780000000000001137e+01,4.219092079438269138e-05,1.814279677102090781e-03
7.800000000000000000e+01,1.689385317149572074e-05,1.668019768671369580e-03
7.820000000000000284e+01,8.654904377181082964e-05,1.802815576377682057e-03
7.840000000000000568e+01,3.019593896169681102e-05,1.765837896117119447e-03
7.860000000000000853e+01,2.381388912908732891e-04,1.949185703121620802e-03
7.880000000000001137e+01,4.772184547618962824e-05,1.766908190282858674e-03
7.900000000000000000e+01,1.546659041196107864e-05,1.718842469624959086e-03
7.920000000000000284e+01,3.982389534940011799e-05,1.589024456677668850e-03
7.940000000000000568e+01,2.904598295572213829e-05,1.790032520854734988e-03
7.960000000000000853e+01,3.740393367479555309e-05,1.684636282338314826e-03
7.980000000000001137e+01,4.424719372764229774e-05,1.618869881695770424e-03
8.000000000000000000e+01,5.374766260501928627e-05,1.518358630937065865e-03
8.020000000000000284e+01,3.983034184784628451e-05,1.682978396853982090e-03
8.040000000000000568e+01,2.655141724972054362e-05,1.610315056592349480e-03
8.060000000000000853e+01,4.699356213677674532e-05,1.780850444974092133e-03
8.080000000000001137e+01,5.750614946009591222e-05,1.752847560042250508e-03
8.100000000000000000e+01,5.540595157071948051e-05,1.428280351644757671e-03
8.120000000000000284e+01,6.730193854309618473e-05,1.800402093071957034e-03
8.140000000000000568e+01,3.175186429871246219e-05,1.754210525284748612e-03
8.160000000000000853e+01,4.624460416380316019e-05,1.792640334318654433e-03
8.180000000000001137e+01,4.339480801718309522e-05,1.593604661469570291e-03
8.200000000000000000e+01,2.499261972843669355e-05,1.532311225486208224e-03
8.220000000000000284e+01,9.683496500656474382e-06,1.653669508122915894e-03
8.240000000000000568e+01,7.110686419764533639e-05,1.749323304946328282e-03
8.260000000000000853e+01,5.882341611140873283e-06,1.590364704879255369e-03
8.280000000000001137e+01,6.745936843799427152e-05,1.850257615905049951e-03
8.300000000000000000e+01,9.827166650211438537e-06,1.569727754699481873e-03
8.320000000000000284e+01,6.229268183233216405e-05,1.422405665416754100e-03
8.340000000000000568e+01,2.171400228689890355e-05,1.638503374549448452e-03
8.360000000000000853e+01,4.267258191248401999e-05,1.481539160967877515e-03
8.380000000000001137e+01,4.083009116584435105e-05,1.446423067838628878e-03
8.400000000000000000e+01,5.818759382236748934e-05,1.749942620358517368e-03
8.420000000000000284e+01,5.141797009855508804e-05,1.403271425334349978e-03
8.440000000000000568e+01,4.402756167110055685e-05,1.594840311813342871e-03
8.460000000000000853e+01,3.985322473454289138e-05,1.604813671236344141e-03
8.480000000000001137e+01,2.635846249177120626e-05,1.623526499434928012e-03
8.500000000000000000e+01,7.021916826488450170e-05,1.666078823123107958e-03
8.520000000000000284e+01,4.441968121682293713e-05,1.693519753234339151e-03
8.540000000000000568e+01,1.958288521564099938e-05,1.615514958988808472e-03
8.560000000000000853e+01,5.626456913887523115e-05,1.733971789297557384e-03
8.580000000000001137e+01,2.745054371189326048e-05,1.457303659773901599e-03
8.600000000000000000e+01,2.225465323135722429e-05,1.621955286740237251e-03
8.620000000000000284e+01,1.022996912070084363e-05,1.553395121055350372e-03
8.640000000000000568e+01,3.701659807120449841e-05,1.468442002000601865e-03
8.660000000000000853e+01,2.771231811493635178e-05,1.598322068831160500e-03
8.680000000000001137e+01,8.825387340039014816e-05,1.383134355075976924e-03
8.700000000000000000e+01,6.310924800345674157e-05,1.627084580779196432e-03
8.720000000000000284e+01,5.261244223220273852e-05,1.467630436670784317e-03
8.740000000000000568e+01,7.820272003300487995e-06,1.529219312499229683e-03
8.760000000000000853e+01,5.248335583019070327e-05,1.667236887169374314e-03
8.780000000000001137e+01,3.786114393733441830e-05,1.627192599114381548e-03
8.800000000000000000e+01,3.766721783904358745e-05,1.463687735106610757e-03
8.820000000000000284e+01,3.994366488768719137e-05,1.584601925890813390e-03
8.840000000000000568e+01,3.079169619013555348e-05,1.499439931967963286e-03
8.860000000000000853e+01,4.699224518844857812e-05,1.623639657245311198e-03
8.880000000000001137e+01,1.202930798172019422e-05,1.467880317733290382e-03
8.900000000000000000e+01,6.303237751126289368e-05,1.620999684864693740e-03
8.920000000000000284e+01,9.846818284131586552e-05,1.187419842810155972e-03
8.940000000000000568e+01,3.345790901221334934e-06,1.496899145106067022e-03
8.960000000000000853e+01,1.351136161247268319e-04,1.058724138050083337e-03
8.980000000000001137e+01,6.027463678037747741e-05,1.667872049039675680e-03
9.000000000000000000e+01,5.415232226368971169e-05,1.638443671447289540e-03
9.020000000000000284e+01,7.653648935956880450e-05,1.303929588746145915e-03
9.040000000000000568e+01,1.274559472221881151e-04,1.839385861087759928e-03
9.060000000000000853e+01,1.726438676996622235e-05,1.492844893414053357e-03
9.080000000000001137e+01,3.016105620190501213e-05,1.498292013830753626e-03
9.100000000000000000e+01,2.644370943016838282e-05,1.473528279913273323e-03
9.120000000000000284e+01,8.894909115042537451e-05,1.633598077794009944e-03
9.140000000000000568e+01,3.653417297755368054e-05,1.550225746901540309e-03
9.160000000000000853e+01,2.898709317378234118e-05,1.365008568068063963e-03
9.180000000000001137e+01,4.212754720356315374e-05,1.529614252030510281e-03
9.200000000000000000e+01,8.295036968775093555e-05,1.248913095317557382e-03
9.220000000000000284e+01,1.783358675311319530e-05,1.389263911653284070e-03
9.240000000000000568e+01,3.494125485303811729e-05,1.525984352150547849e-03
9.260000000000000853e+01,5.243785562925040722e-05,1.568885909864362136e-03
9.280000000000001137e+01,1.269918902835343033e-05,1.399283342542891702e-03
9.300000000000000000e+01,3.290843596914783120e-05,1.496143312605187738e-03
9.320000000000000284e+01,2.645180575200356543e-05,1.499887518465771712e-03
9.340000000000000568e+01,3.850341818179003894e-05,1.532137867527303288e-03
9.360000000000000853e+01,3.390269921510480344e-05,1.433251461338472385e-03
9.380000000000001137e+01,1.955395964614581317e-05,1.362146080035344514e-03
9.400000000000000000e+01,1.637822606426198035e-05,1.368263327187595364e-03
9.420000000000000284e+01,1.922726187331136316e-05,1.414352011467280264e-03
9.440000000000000568e+01,4.555440318654291332e-05,1.470971469218781838e-03
9.460000000000000853e+01,2.559242602728772908e-05,1.462252169953312314e-03
9.480000000000001137e+01,9.853434676188044250e-06,1.425119373873957483e-03
9.500000000000000000e+01,3.725495480466634035e-05,1.503992660259464726e-03
9.520000000000000284e+01,3.847937841783277690e-05,1.502759379112368664e-03
9.540000000000000568e+01,1.951021113200113177e-05,1.363019928564271517e-03
9.560000000000000853e+01,8.430819434579461813e-06,1.379064113726306308e-03
9.580000000000001137e+01,5.546651209442643449e-06,1.399904457791362319e-03
9.600000000000000000e+01,1.461848751205252483e-05,1.354877144855579779e-03
9.620000000000000284e+01,4.062224252265878022e-05,1.392641692653182875e-03
9.640000000000000568e+01,4.514839383773505688e-05,1.501526504183988385e-03
9.660000000000000853e+01,2.400962875981349498e-05,1.312603295269436799e-03
9.680000000000001137e+01,4.515027103479951620e-05,1.378882769174071118e-03
9.700000000000000000e+01,3.302441109553910792e-05,1.348983381240366746e-03
9.720000000000000284e+01,1.868598337750881910e-05,1.352405839950021962e-03
9.740000000000000568e+01,8.909869393392000347e-06,1.353753528693462781e-03
9.760000000000000853e+01,3.260054290876723826e-05,1.433081548861943203e-03
9.780000000000001137e+01,2.281276465510018170e-05,1.420233339062951673e-03
9.800000000000000000e+01,1.275959039048757404e-05,1.366252801162127833e-03
9.820000000000000284e+01,8.756404895393643528e-06,1.332208176501594029e-03
9.840000000000000568e+01,1.841651464928872883e-05,1.398781003567890974e-03
9.860000000000000853e+01,9.100012539420276880e-05,1.496136386051457419e-03
9.880000000000001137e+01,2.564268288551829755e-05,1.412581856638301953e-03
9.900000000000000000e+01,1.749275179463438690e-05,1.385522205918557305e-03
9.920000000000000284e+01,2.889472852984908968e-05,1.412646949083053291e-03
9.940000000000000568e+01,1.204995260195573792e-05,1.344377434636606986e-03
9.960000000000000853e+01,1.894566958071663976e-05,1.361723316767280388e-03
9.980000000000001137e+01,5.317264367477037013e-05,1.325762327826140227e-03
1.000000000000000000e+02,2.137269257218576968e-05,1.326673580485019429e-03
1.002000000000000028e+02,4.081923179910518229e-05,1.413754012872953493e-03
1.004000000000000057e+02,1.852632522059138864e-05,1.340957497562664507e-03
1.006000000000000085e+02,5.515712473425082862e-05,1.460125251367702312e-03
1.008000000000000114e+02,2.149689862562809139e-05,1.273556450424520071e-03
1.010000000000000000e+02,6.186002428876236081e-05,1.438094537370890628e-03
1.012000000000000028e+02,2.732343091338407248e-05,1.378358455310036085e-03
1.014000000000000057e+02,1.578275077918078750e-05,1.348080872049137744e-03
1.016000000000000085e+02,1.918044836202170700e-05,1.335072436713107382e-03
1.018000000000000114e+02,4.512247323873452842e-05,1.407433844849915105e-03
1.020000000000000000e+02,7.697243563598021865e-05,1.485702931969044458e-03
1.022000000000000028e+02,2.945625419670250267e-05,1.283828694628439933e-03
1.024000000000000057e+02,1.263841386389685795e-05,1.271582630591060106e-03
1.026000000000000085e+02,2.444740493956487626e-05,1.355149291807178401e-03
1.028000000000000114e+02,2.405455052212346345e-05,1.259545326383539271e-03
1.030000000000000000e+02,1.330081886408152059e-05,1.318039495660949367e-03
1.032000000000000028e+02,1.070556481863604859e-05,1.298024785485578977e-03
1.034000000000000057e+02,2.976893301820382476e-05,1.289038055100264575e-03
1.036000000000000085e+02,6.624340130656491965e-06,1.268905954168198522e-03
1.038000000000000114e+02,3.582324279705062509e-05,1.251773005234956861e-03
1.040000000000000000e+02,1.398963468091096729e-05,1.258961243337136529e-03
1.042000000000000028e+02,2.653949377418030053e-05,1.237637198787919050e-03
1.044000000000000057e+02,4.387312219478189945e-05,1.352768472924993724e-03
1.046000000000000085e+02,3.318309609312564135e-05,1.203716237235935614e-03
1.048000000000000114e+02,3.028504397661890835e-05,1.236187529315744150e-03
1.050000000000000000e+02,4.573235128191299736e-05,1.162059181076700518e-03
1.052000000000000028e+02,1.950643854797817767e-05,1.225049459324924856e-03
1.054000000000000057e+02,4.533607716439291835e-05,1.219666496277786120e-03
1.056000000000000085e+02,4.446286402526311576e-05,1.339493142815525008e-03
1.058000000000000114e+02,5.010744644096121192e-05,1.163601543757747598e-03
1.060000000000000000e+02,4.439748227014206350e-05,1.167957939555422245e-03
1.062000000000000028e+02,2.423330988676752895e-05,1.198407170461984013e-03
1.064000000000000057e+02,3.557044692570343614e-05,1.324588988902887770e-03
1.066000000000000085e+02,2.285610571561846882e-05,1.277736169146703607e-03
1.068000000000000114e+02,6.005367322359234095e-05,1.339700437838569963e-03
1.070000000000000000e+02,1.198673453473020345e-05,1.265054628780509262e-03
1.072000000000000028e+02,2.791752194752916694e-05,1.198005264346235039e-03
1.074000000000000057e+02,1.071999213309027255e-05,1.251580013116235278e-03
1.076000000000000085e+02,3.295096394140273333e-05,1.236585128909316279e-03
1.078000000000000114e+02,5.175816841074265540e-05,1.327966842863403073e-03
1.080000000000000000e+02,3.332384949317201972e-05,1.208218626289694203e-03
1.082000000000000028e+02,2.261148074467200786e-05,1.211283698312994950e-03
1.084000000000000057e+02,3.767641101148910820e-05,1.218642115910450541e-03
1.086000000000000085e+02,2.318406950507778674e-05,1.177664909505421638e-03
1.088000000000000114e+02,4.473863373277708888e-05,1.247845462511510241e-03
1.090000000000000000e+02,3.552878843038342893e-05,1.177776318183869179e-03
1.092000000000000028e+02,6.961797043913975358e-05,1.225325929355706306e-03
1.094000000000000057e+02,1.130562304751947522e-04,1.276056894546160909e-03
1.096000000000000085e+02,4.268436168786138296e-05,1.303152443693681968e-03
1.098000000000000114e+02,2.480164584994781762e-05,1.257127632409917864e-03
1.100000000000000000e+02,6.267768912948668003e-05,1.337895246820220482e-03
1.102000000000000028e+02,6.238092464627698064e-05,1.088407476520062561e-03
1.104000000000000057e+02,3.278470103396102786e-05,1.139338840223098285e-03
1.106000000000000085e+02,5.429575685411691666e-05,1.279663346132901966e-03
1.108000000000000114e+02,1.405745933880098164e-05,1.226710519660062374e-03
1.110000000000000000e+02,5.002764009987004101e-05,1.206071885779154201e-03
1.112000000000000028e+02,3.125204966636374593e-05,1.218290757921462698e-03
1.114000000000000057e+02,7.172676123445853591e-05,1.197407032994124735e-03
1.116000000000000085e+02,8.279818575829267502e-05,1.150258480204572427e-03
1.118000000000000114e+02,6.555349682457745075e-05,1.254587281483715176e-03
1.120000000000000000e+02,1.052923471434041858e-04,1.260321112280970123e-03
1.122000000000000028e+02,2.759463313850574195e-05,1.130795494852658827e-03
1.124000000000000057e+02,5.322572906152345240e-05,1.267333836816974266e-03
1.126000000000000085e+02,2.604131441330537200e-05,1.133881129676646152e-03
1.128000000000000114e+02,4.522410017671063542e-05,1.150849972198899739e-03
1.130000000000000000e+02,2.707906423893291503e-05,1.230106502710849635e-03
1.132000000000000028e+02,5.383451207308098674e-05,1.235797854628867092e-03
1.134000000000000057e+02,2.287410825374536216e-05,1.173386011349892601e-03
1.136000000000000085e+02,2.385353036515880376e-05,1.133494455755679805e-03
1.138000000000000114e+02,3.411977013456635177e-05,1.164375662930185618e-03
1.140000000000000000e+02,3.173316872562281787e-05,1.192124019783554270e-03
1.142000000000000028e+02,3.472042953944765031e-05,1.118895777988274456e-03
1.144000000000000057e+02,4.750682637677527964e-05,1.116276155109176618e-03
1.146000000000000085e+02,2.227216100436635315e-05,1.189218696910928621e-03
1.148000000000000114e+02,5.045410216553136706e-05,1.108092885061830006e-03
1.150000000000000000e+02,8.592773156124167144e-06,1.172416459646009965e-03
1.152000000000000028e+02,2.005028545681852847e-05,1.192871343702309531e-03
1.154000000000000057e+02,1.551622335682623088e-05,1.146189024515614514e-03
1.156000000000000085e+02,3.284122067270800471e-05,1.211642681082262174e-03
1.158000000000000114e+02,3.684378316393122077e-05,1.217293599316320247e-03
1.160000000000000000e+02,6.595459126401692629e-05,1.270462089398605035e-03
1.162000000000000028e+02,3.370425474713556468e-05,1.180047304544320358e-03
1.164000000000000057e+02,9.849812158790882677e-06,1.125080873099730192e-03
1.166000000000000085e+02,2.174824112444184721e-05,1.174252013998101484e-03
1.168000000000000114e+02,2.467267950123641640e-05,1.157083719678404050e-03
1.170000000000000000e+02,2.735512862273026258e-05,1.125277356969648984e-03
1.172000000000000028e+02,6.239517824724316597e-05,1.249036088169412119e-03
1.174000000000000057e+02,2.375215262873098254e-05,1.150271785991417370e-03
1.176000000000000085e+02,3.087659933953545988e-05,1.163269451256348890e-03
1.178000000000000114e+02,2.530585152271669358e-05,1.122425707529957177e-03
1.180000000000000000e+02,4.793619154952466488e-05,1.214011540117769386e-03
1.182000000000000028e+02,5.389314992498839274e-06,1.116886123018052002e-03
1.184000000000000057e+02,5.563463855651207268e-05,1.142742988007656568e-03
1.186000000000000085e+02,4.789931335835717618e-05,1.195107190439124480e-03
1.188000000000000114e+02,6.738311640219762921e-06,1.110439754164055165e-03
1.190000000000000000e+02,1.130575765273533762e-05,1.115417711375240239e-03
1.192000000000000028e+02,1.911459548864513636e-05,1.148517049833545000e-03
1.194000000000000057e+02,5.419941589934751391e-05,1.021660843516686377e-03
1.196000000000000085e+02,2.213059269706718624e-05,1.150802290542228545e-03
1.198000000000000114e+02,5.938865797361359000e-05,1.215164799638289309e-03
1.200000000000000000e+02,2.869209740310907364e-03,6.029933975405079964e-03
1.202000000000000028e+02,8.088694812613539398e-06,1.115601581338185192e-03
1.204000000000000057e+02,2.101044628943782300e-05,1.098353415552264737e-03
1.206000000000000085e+02,5.615932968794368207e-05,1.010977892775101819e-03
1.208000000000000114e+02,1.141013763117371127e-05,1.088594381155919347e-03
1.210000000000000000e+02,1.781010905688162893e-05,1.095426144078632960e-03
1.212000000000000028e+02,4.255880412529222667e-06,1.090222656693923915e-03
1.214000000000000057e+02,7.346582606260199100e-06,1.083158833091136305e-03
1.216000000000000085e+02,2.729158950387500226e-05,1.131522144395661050e-03
1.218000000000000114e+02,1.294802859774790704e-05,1.114262361941484791e-03
1.220000000000000000e+02,1.455351048207376152e-05,1.066167204395342474e-03
1.222000000000000028e+02,3.449976429692469537e-05,1.031341807237218548e-03
1.224000000000000057e+02,3.127548916381783783e-05,1.100500982361827433e-03
1.226000000000000085e+02,1.940710535563994199e-05,1.052367984197429083e-03
1.228000000000000114e+02,1.326653818978229538e-05,1.099222161670392311e-03
1.230000000000000000e+02,1.251575213245814666e-05,1.082578640350615037e-03
1.232000000000000028e+02,4.549077493720687926e-05,1.107984341954863523e-03
1.234000000000000057e+02,1.482064817537320778e-05,1.071818551557967691e-03
1.236000000000000085e+02,3.749091047211550176e-05,1.133627508035633426e-03
1.238000000000000114e+02,2.628436595841776580e-05,1.046529107662948037e-03
1.240000000000000000e+02,4.666128734243102372e-05,1.145160248477359016e-03
1.242000000000000028e+02,5.058542228653095663e-05,1.042765400138474623e-03
1.244000000000000057e+02,2.290903466928284615e-05,1.067803416971846355e-03
1.246000000000000085e+02,2.843699803634081036e-05,1.085008342021881456e-03
1.248000000000000114e+02,1.871543645393103361e-05,1.088011132581339843e-03
1.250000000000000000e+02,9.022586709761526436e-06,1.050774753074798897e-03
1.252000000000000028e+02,3.995657152700005099e-06,1.063590543920594871e-03
1.254000000000000057e+02,2.863235931727103889e-05,1.102172689468850506e-03
1.256000000000000085e+02,4.333778997533954680e-05,1.091310675307347652e-03
1.258000000000000114e+02,3.003251731570344418e-05,1.094712794953184081e-03
1.260000000000000000e+02,1.546127350593451411e-05,1.034513766039516685e-03
1.262000000000000028e+02,4.945320597471436486e-06,1.054497049848266733e-03
1.264000000000000057e+02,3.853252201224677265e-05,1.089925270885796051e-03
1.266000000000000085e+02,3.953410123358480632e-05,9.908980075672157734e-04
1.268000000000000114e+02,7.337209808611078188e-06,1.038052749899843205e-03
1.270000000000000000e+02,3.256657146266661584e-05,1.010712951065589980e-03
1.272000000000000028e+02,1.152031927631469443e-05,1.057139060159408180e-03
1.274000000000000057e+02,3.053734326385892928e-05,1.078676984921861067e-03
1.276000000000000085e+02,3.391288555576466024e-05,1.089872821290108163e-03
1.278000000000000114e+02,1.504186184320133179e-05,1.035606829207650573e-03
1.280000000000000000e+02,3.010496948263607919e-05,1.061754490655215932e-03
1.282000000000000171e+02,2.635775854287203401e-05,1.052564114513530576e-03
1.284000000000000057e+02,3.681282760226167738e-05,1.077436578507861599e-03
1.285999999999999943e+02,5.052893902757205069e-05,9.767361922207501348e-04
1.288000000000000114e+02,3.910050872946158051e-05,1.066602876460401479e-03
1.290000000000000000e+02,6.044482142897322774e-05,9.960995229959948918e-04
1.292000000000000171e+02,6.806431338191032410e-05,9.312173266915401652e-04
1.294000000000000057e+02,2.840904926415532827e-05,1.043170146039237509e-03
1.295999999999999943e+02,4.862403511651791632e-05,9.885103487314778926e-04
1.298000000000000114e+02,3.563207428669556975e-05,9.805107201880411232e-04
1.300000000000000000e+02,3.619370909291319549e-05,9.910388078672941869e-04
1.302000000000000171e+02,5.898331073694862425e-05,9.707565818415876333e-04
1.304000000000000057e+02,2.560413486207835376e-05,9.825893944217557480e-04
1.305999999999999943e+02,1.431203327229013667e-05,1.015139797847749862e-03
1.308000000000000114e+02,3.321517942822538316e-05,1.011738013015801851e-03
1.310000000000000000e+02,7.064012606861069798e-05,1.092419351098739130e-03
1.312000000000000171e+02,3.453853423707187176e-05,1.010313488502412446e-03
1.314000000000000057e+02,1.191765818475687411e-06,1.013168677180763559e-03
1.315999999999999943e+02,2.661484359123278409e-05,9.768858304156069743e-04
1.318000000000000114e+02,3.626196848927065730e-05,9.726157667824555887e-04
1.320000000000000000e+02,2.246528129035141319e-05,9.946806018823741921e-04
1.322000000000000171e+02,7.953999738674610853e-05,9.199291381780696749e-04
1.324000000000000057e+02,1.574242633068934083e-04,1.175467037238671700e-03
1.325999999999999943e+02,1.097163549275137484e-04,1.152066287252651771e-03
1.328000000000000114e+02,6.065380512154661119e-05,1.083429043142995806e-03
1.330000000000000000e+02,2.188256439694669098e-05,1.031569643565917981e-03
1.332000000000000171e+02,4.695010647992603481e-05,9.948959562120472406e-04
1.334000000000000057e+02,4.265052484697662294e-05,1.037830021131867526e-03
1.335999999999999943e+02,8.336541941389441490e-05,1.071230319331311449e-03
1.338000000000000114e+02,1.623842581466306001e-05,9.811277949941276440e-04
1.340000000000000000e+02,4.904023808194324374e-05,1.050676913938428363e-03
1.342000000000000171e+02,3.311010368634015322e-05,9.767964055849339550e-04
1.344000000000000057e+02,5.277188392938114703e-05,9.464603473189916972e-04
1.345999999999999943e+02,7.179705426096916199e-05,9.988772857303894470e-04
1.348000000000000114e+02,4.366030771052464843e-05,1.033505252153428663e-03
1.350000000000000000e+02,3.799946352955885231e-05,9.329376583647235261e-04
1.352000000000000171e+02,9.502555258222855628e-06,9.863075400415909424e-04
1.354000000000000057e+02,4.077990161022171378e-05,1.009466352986027222e-03
1.355999999999999943e+02,2.592548116808757186e-05,1.004238330434525407e-03
1.358000000000000114e+02,4.747079219669103622e-05,9.144448711121413390e-04
1.360000000000000000e+02,1.647570752538740635e-05,9.799291445734652217e-04
1.362000000000000171e+02,1.955058905878104270e-05,9.501518507711565311e-04
1.364000000000000057e+02,9.227499685948714614e-05,1.100784473825023322e-03
1.365999999999999943e+02,5.484207940753549337e-05,9.308255794095673420e-04
1.368000000000000114e+02,5.905780926696024835e-05,9.345690034975093598e-04
1.370000000000000000e+02,2.012547520280350000e-05,9.487333299946981236e-04
1.372000000000000171e+02,5.867947766091674566e-05,9.010165047384277376e-04
1.374000000000000057e+02,5.366732148104347289e-05,9.878791519473387097e-04
1.375999999999999943e+02,1.384208881063386798e-04,1.058767622442577687e-03
1.378000000000000114e+02,4.822113987756893039e-05,1.028266806961855096e-03
1.380000000000000000e+02,1.697598927421495318e-04,1.117023168946432339e-03
1.382000000000000171e+02,1.425599475624039769e-04,7.897801766510657547e-04
1.384000000000000057e+02,8.918798266677185893e-05,1.072380377772968671e-03
1.385999999999999943e+02,6.570945697603747249e-05,1.045277271793064889e-03
1.388000000000000114e+02,2.058734571619424969e-05,9.417976690263802709e-04
1.390000000000000000e+02,7.280253339558839798e-05,9.417569430642922131e-04
1.392000000000000171e+02,1.112786849262192845e-04,9.241178931643707125e-04
1.394000000000000057e+02,5.015856731915846467e-05,9.046701935451866017e-04
1.395999999999999943e+02,5.316934039001353085e-05,9.836552523345253995e-04
1.398000000000000114e+02,7.325671322178095579e-05,9.611640965564201148e-04
1.400000000000000000e+02,8.648385119158774614e-05,8.622222730971418510e-04
1.402000000000000171e+02,7.496513717342168093e-05,1.045070623426294035e-03
1.404000000000000057e+02,1.325809280388057232e-04,7.790505839033813650e-04
1.405999999999999943e+02,6.014758037053979933e-05,1.023063443357267186e-03
1.408000000000000114e+02,5.307032915879972279e-05,1.010388581455011611e-03
1.410000000000000000e+02,2.113666960212867707e-05,9.167379267955754396e-04
1.412000000000000171e+02,1.140111999120563269e-04,9.608765435030364611e-04
1.414000000000000057e+02,4.873802754445932806e-05,1.001785134709762487e-03
1.415999999999999943e+02,1.649354089749976993e-04,1.014088322787504636e-03
1.418000000000000114e+02,4.382125553092919290e-05,8.875906507801216904e-04
1.420000000000000000e+02,1.081567606888711452e-04,8.258444017104560808e-04
1.422000000000000171e+02,7.758663559798151255e-05,9.075452892133261925e-04
1.424000000000000057e+02,8.024683484109118581e-05,8.359377852511714084e-04
1.425999999999999943e+02,6.708333967253565788e-05,1.009178291027513618e-03
1.428000000000000114e+02,1.416169106960296631e-04,8.616091440977077754e-04
1.430000000000000000e+02,6.101974213379435241e-05,8.547707990213207095e-04
1.432000000000000171e+02,8.286236698040738702e-05,8.445892172399108210e-04
1.434000000000000057e+02,6.485103949671611190e-05,9.905312099972700141e-04
1.435999999999999943e+02,4.330772208049893379e-05,8.769410134781725763e-04
1.438000000000000114e+02,4.942639498040080070e-05,8.732734457589405412e-04
1.440000000000000000e+02,2.904470966313965619e-05,9.479384609071900758e-04
1.442000000000000171e+02,4.365664790384471416e-05,8.943069025294273725e-04
1.444000000000000057e+02,6.165518698253436014e-06,9.264947353932816805e-04
1.445999999999999943e+02,2.050819894066080451e-04,7.006673148716073898e-04
1.448000000000000114e+02,4.835599975194782019e-05,9.150408615818902448e-04
1.450000000000000000e+02,6.625931564485654235e-05,9.919778685270037952e-04
1.452000000000000171e+02,2.779200622171629220e-05,9.480339157467923420e-04
1.454000000000000057e+02,2.890801624744199216e-05,8.916876481237622897e-04
1.455999999999999943e+02,8.408162830164656043e-05,9.357754743859826628e-04
1.458000000000000114e+02,4.737115159514360130e-05,9.178984393022421523e-04
1.460000000000000000e+02,2.907663110818248242e-05,9.226179530234044756e-04
1.462000000000000171e+02,5.239935853751376271e-05,9.226790665988492991e-04
1.464000000000000057e+02,1.734875513648148626e-05,8.957951143406358207e-04
1.465999999999999943e+02,2.172620952478609979e-05,9.262570069962811504e-04
1.468000000000000114e+02,4.974481271347030997e-05,9.097668268902796675e-04
1.470000000000000000e+02,8.347344191861338913e-06,8.986077435816083392e-04
1.472000000000000171e+02,6.270869198488071561e-05,8.793719552370767153e-04
1.474000000000000057e+02,3.569590990082360804e-05,8.946279241805855193e-04
1.475999999999999943e+02,3.001708864758256823e-05,8.664698148464666967e-04
1.478000000000000114e+02,1.449324645363958552e-05,9.168824103486510491e-04
1.480000000000000000e+02,5.015778879169374704e-05,8.533411517839674214e-04
1.482000000000000171e+02,6.165240483824163675e-05,8.767009783687742391e-04
1.484000000000000057e+02,5.355588291422463953e-05,8.745740749255238259e-04
1.485999999999999943e+02,4.611635449691675603e-05,8.508760568795851109e-04
1.488000000000000114e+02,1.076476182788610458e-04,8.632103059957774334e-04
1.490000000000000000e+02,1.262826699530705810e-04,7.929416444408586648e-04
1.492000000000000171e+02,1.082757225958630443e-04,8.195689462980634658e-04
1.494000000000000057e+02,2.205062482971698046e-04,7.736573338389317279e-04
1.495999999999999943e+02,5.238196463324129581e-04,7.476128138622776306e-04
1.498000000000000114e+02,3.954946005251258612e-04,1.207118850293279876e-03
1.500000000000000000e+02,8.121012797346338630e-05,9.451339178270504919e-04
1.502000000000000171e+02,1.421287888661026955e-04,7.908614643296651200e-04
1.504000000000000057e+02,3.642434894572943449e-04,1.226144177769050323e-03
1.505999999999999943e+02,1.906702527776360512e-04,1.036700807637851119e-03
1.508000000000000114e+02,1.326348283328115940e-04,1.007817561265067887e-03
1.510000000000000000e+02,9.971203689929097891e-05,9.338038087898017101e-04
1.512000000000000171e+02,7.891527639003470540e-05,9.450059104851221475e-04
1.514000000000000057e+02,1.049854545271955431e-04,9.576051570991193484e-04
1.515999999999999943e+02,4.188689126749522984e-05,9.230403876502251510e-04
1.518000000000000114e+02,3.748416202142834663e-05,9.057082969701241333e-04
1.520000000000000000e+02,7.001947233220562339e-05,9.371848989516638447e-04
1.522000000000000171e+02,3.654429019661620259e-05,9.140898701040177897e-04
1.524000000000000057e+02,5.565907486015930772e-05,8.693729036598543940e-04
1.525999999999999943e+02,3.620034476625733078e-05,9.089445099537909632e-04
1.528000000000000114e+02,6.387045868905261159e-05,8.900219183183567502e-04
1.530000000000000000e+02,4.079299105796962976e-05,9.113336727574279563e-04
1.532000000000000171e+02,5.004561171517707407e-05,9.098148587638950650e-04
1.534000000000000057e+02,3.619613562477752566e-05,8.976576509463647918e-04
1.536000000000000227e+02,6.136603769846260548e-05,9.224616345670347316e-04
1.538000000000000114e+02,4.420235927682369947e-05,8.985476779475642722e-04
1.540000000000000000e+02,1.031846113619394600e-05,8.543666028957086836e-04
1.542000000000000171e+02,4.391275797388516366e-05,9.091922761239714171e-04
1.544000000000000057e+02,1.957551103259902447e-05,8.422191659826198549e-04
1.546000000000000227e+02,4.516625631367787719e-05,8.895003473404771181e-04
1.548000000000000114e+02,4.234768130118027329e-05,8.897894762979570091e-04
1.550000000000000000e+02,4.235184314893558621e-05,9.029678151911368867e-04
1.552000000000000171e+02,9.692222192825283855e-06,8.642854723708206371e-04
1.554000000000000057e+02,4.540363534033531323e-06,8.548634683452806119e-04
1.556000000000000227e+02,3.117324013146571815e-05,8.243977138406624041e-04
1.558000000000000114e+02,4.985326086170971394e-05,8.120195551214131171e-04
1.560000000000000000e+02,4.339588849688880146e-05,8.327891962078683239e-04
1.562000000000000171e+02,2.297344872204121202e-05,8.745603382967654131e-04
1.564000000000000057e+02,1.258442171092610806e-05,8.377066191563581473e-04
1.566000000000000227e+02,2.702016718103550375e-05,8.575794140518824306e-04
1.568000000000000114e+02,4.780255039804615080e-05,8.216025042003020050e-04
1.570000000000000000e+02,6.535315606015501544e-06,8.468055013452507494e-04
1.572000000000000171e+02,1.368892299069557339e-05,8.603782133163735387e-04
1.574000000000000057e+02,4.019996777060441673e-05,8.714136544089412344e-04
1.576000000000000227e+02,1.311687447014264762e-05,8.559736404952874482e-04
1.578000000000000114e+02,4.243629518896341324e-05,8.685244830833969282e-04
1.580000000000000000e+02,7.526634726673364639e-05,9.061776170807083440e-04
1.582000000000000171e+02,2.615778430481441319e-05,8.509270806816289327e-04
1.584000000000000057e+02,1.962192072824109346e-05,8.591006057888793575e-04
1.586000000000000227e+02,2.545084316807333380e-05,8.244532760738091607e-04
1.588000000000000114e+02,2.780953400360886008e-05,8.110423692667701476e-04
1.590000000000000000e+02,5.130848148837685585e-05,8.804124740390519488e-04
1.592000000000000171e+02,2.286014569108374417e-05,8.129016856204291253e-04
1.594000000000000057e+02,6.760147243767278269e-06,8.311693376496255819e-04
1.596000000000000227e+02,6.461979864980094135e-06,8.400480543744921367e-04
1.598000000000000114e+02,2.273395148222334683e-05,8.463136872336930348e-04
1.600000000000000000e+02,3.147169627482071519e-05,8.583584657394144118e-04
1.602000000000000171e+02,2.980082717840559781e-05,8.495246552470184752e-04
1.604000000000000057e+02,7.714784260315354913e-06,8.237521631250928301e-04
1.606000000000000227e+02,4.489453203859739006e-06,8.301819720964719344e-04
1.608000000000000114e+02,1.402674206474330276e-05,8.171590389970386989e-04
1.610000000000000000e+02,2.468027014401741326e-05,8.448099667755051053e-04
1.612000000000000171e+02,4.925124812871217728e-05,8.728436612582379361e-04
1.614000000000000057e+02,1.707312731014098972e-05,8.154475812417517379e-04
1.616000000000000227e+02,4.189069659332744777e-05,8.035325791774330408e-04
1.618000000000000114e+02,1.207371678901836276e-04,8.337042571647681035e-04
1.620000000000000000e+02,9.009382483782246709e-05,8.289634538439227818e-04
1.622000000000000171e+02,7.174458733061328530e-05,8.839208769074090527e-04
1.624000000000000057e+02,1.428418818250065669e-05,8.326664044620193505e-04
1.626000000000000227e+02,2.943164872704073787e-05,8.399666014266945124e-04
1.628000000000000114e+02,3.020675831066910177e-05,8.184251295763897774e-04
1.630000000000000000e+02,1.073441217158688232e-05,8.062511821423993781e-04
1.632000000000000171e+02,4.777544745593331754e-05,8.560321071616117843e-04
1.634000000000000057e+02,7.089513383107259870e-05,8.777078439016119255e-04
1.636000000000000227e+02,4.020414417027495801e-05,8.494877403942369207e-04
1.638000000000000114e+02,4.892368087894283235e-05,8.145128971737706971e-04
1.640000000000000000e+02,3.658008427009917796e-05,7.780497409908858960e-04
1.642000000000000171e+02,3.166692476952448487e-05,7.843414717242543077e-04
1.644000000000000057e+02,6.529838628921424970e-06,8.146316219270211814e-04
1.646000000000000227e+02,2.785021388262975961e-05,8.331841378482362408e-04
1.648000000000000114e+02,4.974897819920442998e-05,8.511675506842573133e-04
1.650000000000000000e+02,1.106970012187957764e-05,8.006661908482820642e-04
1.652000000000000171e+02,1.060278555087279528e-05,8.028821000151436160e-04
1.654000000000000057e+02,5.781162326456978917e-05,8.541413540472254495e-04
1.656000000000000227e+02,3.334767097840085626e-05,7.784614988959933507e-04
1.658000000000000114e+02,3.673078390420414507e-05,8.322583040882605395e-04
1.660000000000000000e+02,1.919508395076263696e-05,7.877922829450604431e-04
1.662000000000000171e+02,2.354787102376576513e-05,8.058026426222550994e-04
1.664000000000000057e+02,1.173781583929667249e-05,8.000459831659900148e-04
1.666000000000000227e+02,1.396197421854594722e-05,8.111187216042886877e-04
1.668000000000000114e+02,2.046317604253999889e-05,7.982277992170944006e-04
1.670000000000000000e+02,3.918500169675098732e-06,7.989882800530047000e-04
1.672000000000000171e+02,1.156138750957325101e-05,8.056594227382723582e-04
1.674000000000000057e+02,2.667343142093159258e-05,7.932126564566207867e-04
1.676000000000000227e+02,4.885049202130176127e-05,7.729135209136502862e-04
1.678000000000000114e+02,6.848485645605251193e-05,8.231601171813756864e-04
1.680000000000000000e+02,8.977326615422498435e-06,7.951108516841973650e-04
1.682000000000000171e+02,3.744408240891061723e-05,8.222613770974781557e-04
1.684000000000000057e+02,2.624811349960509688e-05,8.130614423512033152e-04
1.686000000000000227e+02,5.803651583846658468e-05,8.245286261663997002e-04
1.688000000000000114e+02,1.176035220851190388e-05,7.982353145383052359e-04
1.690000000000000000e+02,4.392756090965121984e-05,7.486990652399505087e-04
1.692000000000000171e+02,2.906295776483602822e-05,8.120582202240763303e-04
1.694000000000000057e+02,2.740293348324485123e-05,7.964240862584113330e-04
1.696000000000000227e+02,1.214558324136305600e-05,7.781526128494084277e-04
1.698000000000000114e+02,3.278080839663743973e-05,7.770559144312736690e-04
1.700000000000000000e+02,2.639223021105863154e-05,7.926146572775410667e-04
1.702000000000000171e+02,1.148114461102522910e-05,7.837426684189288542e-04
1.704000000000000057e+02,1.563136174809187651e-05,7.890224417201586148e-04
1.706000000000000227e+02,4.476194953895173967e-05,8.170027096217887886e-04
1.708000000000000114e+02,2.252666490676347166e-05,7.984665747626734991e-04
1.710000000000000000e+02,3.915913111995905638e-05,7.994893480020241316e-04
1.712000000000000171e+02,7.431226549670100212e-05,8.340690204382771554e-04
1.714000000000000057e+02,1.438074741599848494e-05,7.742669040337429561e-04
1.716000000000000227e+02,4.020777123514562845e-05,7.911613538788967500e-04
1.718000000000000114e+02,4.433872163644991815e-05,7.647489238954083019e-04
1.720000000000000000e+02,2.233995655842591077e-05,7.916523524655262774e-04
1.722000000000000171e+02,2.672296614036895335e-05,7.953842155032049078e-04
1.724000000000000057e+02,2.207355464634019881e-05,7.875011800685167594e-04
1.726000000000000227e+02,4.854835424339398742e-05,7.971302553499272445e-04
1.728000000000000114e+02,1.838030220824293792e-05,7.557286771632275085e-04
1.730000000000000000e+02,8.666712346894200891e-06,7.762157542316953495e-04
1.732000000000000171e+02,2.299950574524700642e-05,7.845128941397991069e-04
1.734000000000000057e+02,1.140574113378534093e-05,7.604634949528239112e-04
1.736000000000000227e+02,2.858806328731589019e-05,7.903467889461464075e-04
1.738000000000000114e+02,3.872954039252363145e-05,7.975691702513852894e-04
1.740000000000000000e+02,2.203883559559471905e-05,7.831050495671023530e-04
1.742000000000000171e+02,4.915845784125849605e-05,8.002109048607193229e-04
1.744000000000000057e+02,5.880247044842690229e-05,7.305939830081417674e-04
1.746000000000000227e+02,7.335521513596177101e-05,7.115519806720951163e-04
1.748000000000000114e+02,1.529663859400898218e-05,7.527756707434718475e-04
1.750000000000000000e+02,5.216761201154440641e-05,7.976691875793919971e-04
1.752000000000000171e+02,1.548864020151086152e-05,7.713772720062778100e-04
1.754000000000000057e+02,7.924804231151938438e-05,6.956762480885748555e-04
1.756000000000000227e+02,2.650884016475174576e-05,7.686227106619766955e-04
1.758000000000000114e+02,3.627033947850577533e-05,7.772213328856063730e-04
1.760000000000000000e+02,2.202035466325469315e-05,7.454039447321759038e-04
1.762000000000000171e+02,5.247206354397349060e-05,7.195500822828225984e-04
1.764000000000000057e+02,1.388407144986558706e-05,7.603548689315674106e-04
1.766000000000000227e+02,5.259291810943977907e-06,7.491469026135649583e-04
1.768000000000000114e+02,6.116405074862996116e-06,7.476240464604587540e-04
1.770000000000000000e+02,3.630225546658039093e-05,7.499935967815075802e-04
1.772000000000000171e+02,1.736672857077792287e-05,7.590437777272690230e-04
1.774000000000000057e+02,6.443430902436375618e-05,7.001352158734430947e-04
1.776000000000000227e+02,1.063733907358255237e-05,7.549148063850590713e-04
1.778000000000000114e+02,5.496799713000655174e-05,7.793460403837214204e-04
1.780000000000000000e+02,5.834096373291686177e-05,7.008723008632048541e-04
1.782000000000000171e+02,2.287165079906117171e-05,7.385488595439642203e-04
1.784000000000000057e+02,1.651357342780102044e-05,7.560624462233687471e-04
1.786000000000000227e+02,1.929611244122497737e-05,7.345590715017984856e-04
1.788000000000000114e+02,3.409899363759905100e-05,7.585985006955563896e-04
1.790000000000000000e+02,3.831120011454913765e-06,7.408049225219030158e-04
1.792000000000000171e+02,3.149733311147429049e-05,7.672911649920087940e-04
1.794000000000000057e+02,1.284198515349999070e-04,8.309220976695948484e-04
1.796000000000000227e+02,6.154883885756134987e-05,7.147976011222813807e-04
1.798000000000000114e+02,1.281481527257710695e-04,7.898606861148385313e-04
1.800000000000000000e+02,2.172601968050003052e-02,1.765984961721864255e-02
1.802000000000000171e+02,8.990026253741234541e-05,7.002415075351002029e-04
1.804000000000000057e+02,8.184734906535595655e-05,7.488107905384010525e-04
1.806000000000000227e+02,4.217270179651677608e-05,7.065923906504291332e-04
1.808000000000000114e+02,3.067060970352031291e-05,7.143853597683100850e-04
1.810000000000000000e+02,1.218383749801432714e-05,7.334422982324406443e-04
1.812000000000000171e+02,2.917691017501056194e-05,7.117996504515668958e-04
1.814000000000000057e+02,1.975631312234327197e-05,7.486669967658430864e-04
1.816000000000000227e+02,1.886321479105390608e-05,7.189234710719017568e-04
1.818000000000000114e+02,5.496310768648982048e-05,7.336745757421425694e-04
1.820000000000000000e+02,2.647355904628057033e-05,7.363202288485360932e-04
1.822000000000000171e+02,7.268088666023686528e-05,7.605407954978630905e-04
1.824000000000000057e+02,3.801795901381410658e-05,7.013566115904138224e-04
1.826000000000000227e+02,3.671237209346145391e-05,7.354733059987223973e-04
1.828000000000000114e+02,1.475994940847158432e-05,7.370117973729432620e-04
1.830000000000000000e+02,1.641682501940522343e-05,7.240492349251073005e-04
1.832000000000000171e+02,6.266214768402278423e-06,7.297674035525865107e-04
1.834000000000000057e+02,1.650163721933495253e-05,7.300102768105050854e-04
1.836000000000000227e+02,5.146361581864766777e-05,6.929333296869280004e-04
1.838000000000000114e+02,7.312413072213530540e-05,7.544537018964942495e-04
1.840000000000000000e+02,6.004420356475748122e-05,7.593416850605153338e-04
1.842000000000000171e+02,2.785929245874285698e-05,7.054474630830649467e-04
1.844000000000000057e+02,4.084246029378846288e-05,7.517049277147563185e-04
1.846000000000000227e+02,1.092099228117149323e-05,7.244373935093987617e-04
1.848000000000000114e+02,4.656188320950604975e-05,7.016922071280590244e-04
1.850000000000000000e+02,2.687224332476034760e-05,7.267162627922633998e-04
1.852000000000000171e+02,2.881125874409917742e-05,7.020107691131184441e-04
1.854000000000000057e+02,3.857207775581628084e-05,7.283748515069185265e-04
1.856000000000000227e+02,2.180522096750792116e-05,7.126357755874344283e-04
1.858000000000000114e+02,2.199222399212885648e-05,7.000055862862336088e-04
1.860000000000000000e+02,5.424045230029150844e-05,7.549811357297685167e-04
1.862000000000000171e+02,1.464588149246992543e-05,7.250492717728612311e-04
1.864000000000000057e+02,1.142076962423743680e-05,7.054936251304809794e-04
1.866000000000000227e+02,3.201801519026048481e-05,7.342775810445070815e-04
1.868000000000000114e+02,3.514013587846420705e-05,7.329918610296195678e-04
1.870000000000000000e+02,1.015999441733583808e-05,7.102198185513976681e-04
1.872000000000000171e+02,1.322764819633448496e-05,7.024850587909084280e-04
1.874000000000000057e+02,1.432925455446820706e-05,7.089028621136454159e-04
1.876000000000000227e+02,3.722100518643856049e-05,6.966448518117869656e-04
1.878000000000000114e+02,4.870293196290731430e-05,7.383865703713392986e-04
1.880000000000000000e+02,7.790266681695356965e-05,6.910794344103545189e-04
1.882000000000000171e+02,3.212388401152566075e-05,7.266043201419430638e-04
1.884000000000000057e+02,2.981601028295699507e-05,7.234593299934918148e-04
1.886000000000000227e+02,7.139708031900227070e-05,7.410448220257912421e-04
1.888000000000000114e+02,3.959703099098987877e-05,6.971032134147771937e-04
1.890000000000000000e+02,5.243331179372034967e-05,7.194736964863611937e-04
1.892000000000000171e+02,3.771474803215824068e-05,6.854904808642663452e-04
1.894000000000000057e+02,2.619849692564457655e-05,6.883379873631817946e-04
1.896000000000000227e+02,3.595891030272468925e-05,6.781070896405751863e-04
1.898000000000000114e+02,1.167845912277698517e-04,6.619996544048621428e-04
1.900000000000000000e+02,6.484908954007551074e-05,7.332720807455618030e-04
1.902000000000000171e+02,4.085899490746669471e-05,6.965825832411831663e-04
1.904000000000000057e+02,1.039584894897416234e-04,6.441695172310354456e-04
1.906000000000000227e+02,5.238915036898106337e-05,7.242166274448189403e-04
1.908000000000000114e+02,8.659582817927002907e-05,6.976807875396881953e-04
1.910000000000000000e+02,6.217307964107021689e-05,7.074152506198217458e-04
1.912000000000000171e+02,1.263583362742792815e-05,7.017403770735291526e-04
1.914000000000000057e+02,3.213463787687942386e-05,6.747801885506178685e-04
1.916000000000000227e+02,2.346228939131833613e-05,6.800165548973362804e-04
1.918000000000000114e+02,1.346804783679544926e-04,6.867330718653752225e-04
1.920000000000000000e+02,2.138355193892493844e-05,6.909376819878754357e-04
1.922000000000000171e+02,1.163060278486227617e-05,6.873645660936639028e-04
1.924000000000000057e+02,1.417656130797695369e-05,6.979236595403521615e-04
1.926000000000000227e+02,7.061534415697678924e-05,7.359076158698599386e-04
1.928000000000000114e+02,1.860128577391151339e-05,6.776092717473870949e-04
1.930000000000000000e+02,3.022709097422193736e-05,6.903058017223659025e-04
1.932000000000000171e+02,6.465744809247553349e-05,6.455925106591832961e-04
1.934000000000000057e+02,6.246977864066138864e-05,7.205191911078771133e-04
1.936000000000000227e+02,8.552120561944320798e-05,7.346544652461126351e-04
1.938000000000000114e+02,1.542118407087400556e-04,7.296082829484169460e-04
1.940000000000000000e+02,4.688248009188100696e-05,7.153224799981554869e-04
1.942000000000000171e+02,9.035595576278865337e-05,6.561435866201739686e-04
1.944000000000000057e+02,6.324340210994705558e-05,7.118627934581090669e-04
1.946000000000000227e+02,4.546076979750068858e-06,6.856458237739126082e-04
1.948000000000000114e+02,4.488842023420147598e-05,6.624690679036090079e-04
1.950000000000000000e+02,1.035124587360769510e-04,6.134124196744733699e-04
1.952000000000000171e+02,1.027704456646461040e-05,6.776606279582137078e-04
1.954000000000000057e+02,4.190891922917217016e-05,6.540211956858804415e-04
1.956000000000000227e+02,3.277201176388189197e-05,6.922157701502300873e-04
1.958000000000000114e+02,4.441514101927168667e-05,6.976442019272313146e-04
1.960000000000000000e+02,9.724409210321027786e-06,6.814700261815262320e-04
1.962000000000000171e+02,2.118287738994695246e-05,6.915904070319724281e-04
1.964000000000000057e+02,6.770823529222980142e-05,6.351435162481949229e-04
1.966000000000000227e+02,1.494447496952489018e-04,7.476427160702231586e-04
1.968000000000000114e+02,8.189030631911009550e-05,6.926535843976918023e-04
1.970000000000000000e+02,7.381529576377943158e-05,6.280775556120263281e-04
1.972000000000000171e+02,1.521323156339349225e-05,6.672013734121812461e-04
1.974000000000000057e+02,3.730908792931586504e-05,6.748918175256779593e-04
1.976000000000000227e+02,8.955262455856427550e-05,6.610495475953181901e-04
1.978000000000000114e+02,5.545707608689554036e-05,6.985303404828411894e-04
1.980000000000000000e+02,2.118472184520214796e-05,6.779209073530736854e-04
1.982000000000000171e+02,1.236536481883376837e-04,7.442679662168639586e-04
1.984000000000000057e+02,1.491567090852186084e-04,6.676218182512573020e-04
1.986000000000000227e+02,7.967662531882524490e-05,6.495244389019614976e-04
1.988000000000000114e+02,1.968568103620782495e-04,7.913902352116984227e-04
1.990000000000000000e+02,1.233249204233288765e-04,6.567240164504973459e-04
1.992000000000000171e+02,8.329718548338860273e-05,6.379028119369327052e-04
1.994000000000000057e+02,1.260046556126326323e-04,6.708737291745073402e-04
1.996000000000000227e+02,4.193338827462866902e-05,6.414534755177748408e-04
1.998000000000000114e+02,9.417843830306082964e-05,7.128443737009494382e-04
2.000000000000000000e+02,1.270772336283698678e-04,6.147283512098510646e-04
